{
  "model": "XLM-RoBERTa-Large-MacroF1-Optimized",
  "task": "Binary Polarization Detection",
  "configuration": {
    "model_name": "xlm-roberta-large",
    "max_length": 128,
    "batch_size": 8,
    "num_epochs": 15,
    "learning_rate": 2e-06,
    "weight_decay": 0.03,
    "dropout": 0.5,
    "num_dropouts": 5,
    "gradient_accumulation_steps": 4,
    "max_grad_norm": 1.0,
    "warmup_steps": 1000,
    "use_mixup": true,
    "mixup_alpha": 0.2,
    "use_tta": true,
    "tta_iterations": 5,
    "focal_alpha": 0.5,
    "focal_gamma": 2.0
  },
  "data_info": {
    "train_samples": 7113,
    "val_samples": 791,
    "test_samples": 1832,
    "num_classes": 2,
    "languages": [
      "English",
      "Spanish",
      "German"
    ],
    "augmented_samples": 584,
    "final_balance": "1.016:1 (50.4% vs 49.6%)"
  },
  "training_history": {
    "train_loss": [
      0.12606426376974986,
      0.11636113953891765,
      0.11215097509073407,
      0.1078182148883182,
      0.10282534568497304,
      0.0989561714483111,
      0.09453130373626613,
      0.09417464371059048,
      0.08827096210018302
    ],
    "train_macro_f1": [
      0.5074179940571559,
      0.5871111775410027,
      0.6174239352151711,
      0.6331807039287826,
      0.6560734792738703,
      0.6814244352073631,
      0.6939283229444602,
      0.6984268644698273,
      0.7273927538860117
    ],
    "val_loss": [
      0.10784285634756088,
      0.10179036989808082,
      0.09316916197538376,
      0.09256919898092747,
      0.0909318046271801,
      0.09313727125525474,
      0.10306183502078056,
      0.1046008575707674,
      0.10845116816461087
    ],
    "val_macro_f1": [
      0.6721470019342359,
      0.693357573489112,
      0.7594282238442822,
      0.7661128559212997,
      0.7601034049497657,
      0.7709648779005127,
      0.7572378516624041,
      0.7581376659510739,
      0.7554081041035882
    ],
    "val_weighted_f1": [
      0.6716591636569043,
      0.6939236319160421,
      0.7595116594535237,
      0.7661023891818044,
      0.7599692090763613,
      0.7710263755335122,
      0.7572622954530023,
      0.7582242550640995,
      0.7555969189880387
    ],
    "best_epoch": 6,
    "best_val_macro_f1": 0.7709648779005127
  },
  "test_results": {
    "accuracy": 0.74617903930131,
    "macro_f1": 0.7444428744866762,
    "weighted_f1": 0.7463055148838331,
    "optimal_threshold": 0.49000000000000016,
    "precision": 0.7464858669687224,
    "recall": 0.74617903930131,
    "tta_iterations": 5
  },
  "per_language_results": {
    "English": 0.814750566812958,
    "Spanish": 0.7351962907562952,
    "German": 0.7012578616352201
  },
  "per_class_f1": {
    "non_polarized": 0.7655068078668683,
    "polarized": 0.7233789411064843
  }
}