,precision,recall,f1-score,support
Non-Polarized,0.6648648648648648,0.7477203647416414,0.703862660944206,329.0
Polarized,0.7147766323024055,0.6265060240963856,0.6677367576243981,332.0
accuracy,0.686838124054463,0.686838124054463,0.686838124054463,0.686838124054463
macro avg,0.6898207485836352,0.6871131944190134,0.685799709284302,661.0
weighted avg,0.689934012806262,0.686838124054463,0.6857177291708683,661.0
