,precision,recall,f1-score,support
Non-Polarized,0.7506702412868632,0.8383233532934131,0.7920792079207921,334.0
Polarized,0.6666666666666666,0.5373134328358209,0.5950413223140496,201.0
accuracy,0.7252336448598131,0.7252336448598131,0.7252336448598131,0.7252336448598131
macro avg,0.7086684539767649,0.687818393064617,0.6935602651174209,535.0
weighted avg,0.7191100197940418,0.7252336448598131,0.7180518901507823,535.0
