,precision,recall,f1-score,support
Non-Polarized,0.6617647058823529,0.6736526946107785,0.6676557863501483,334.0
Polarized,0.6317567567567568,0.6192052980132451,0.6254180602006689,302.0
accuracy,0.6477987421383647,0.6477987421383647,0.6477987421383647,0.6477987421383647
macro avg,0.6467607313195549,0.6464289963120118,0.6465369232754086,636.0
weighted avg,0.6475156482786893,0.6477987421383647,0.6475995075810559,636.0
