,precision,recall,f1-score,support
Non-Polarized,0.648936170212766,0.7416413373860182,0.6921985815602837,329.0
Polarized,0.7017543859649122,0.6024096385542169,0.6482982171799028,332.0
accuracy,0.6717095310136157,0.6717095310136157,0.6717095310136157,0.6717095310136157
macro avg,0.6753452780888392,0.6720254879701175,0.6702483993700932,661.0
weighted avg,0.6754651378825278,0.6717095310136157,0.6701487767580349,661.0
