,precision,recall,f1-score,support
Non-Polarized,0.7707182320441989,0.8353293413173652,0.8017241379310345,334.0
Polarized,0.6820809248554913,0.5870646766169154,0.6310160427807486,201.0
accuracy,0.7420560747663552,0.7420560747663552,0.7420560747663552,0.7420560747663552
macro avg,0.7263995784498452,0.7111970089671403,0.7163700903558916,535.0
weighted avg,0.7374171128947966,0.7420560747663552,0.7375889470427962,535.0
