,precision,recall,f1-score,support
Non-Polarized,0.6570605187319885,0.6826347305389222,0.6696035242290749,334.0
Polarized,0.6332179930795848,0.6059602649006622,0.6192893401015228,302.0
accuracy,0.6462264150943396,0.6462264150943396,0.6462264150943396,0.6462264150943396
macro avg,0.6451392559057867,0.6442974977197922,0.6444464321652988,636.0
weighted avg,0.6457390678718848,0.6462264150943396,0.6457121978037278,636.0
